ilac,yorum,kaynak,yan_etki,kategori
apranax,"alkol ile alinabilen nadide agri kesicilerden, hem basi agriyip hemde alabildigine icmek isteyenler icin",eksisozluk,0,yok
apranax,mutelif gerzeklere viagra die yutturulan yegane mavi ilac,eksisozluk,0,yok
apranax,sağlam ilaç.. yannıs sanrım vitaminle beraber alınmalıki dumur etmesin.. yoksa bazen ayakta duramıyabilosunuz ağrım bitsin derken.. (bkz:  pilava giderken elindeki bulgurdan olmak ) (bkz:  herneyse ),eksisozluk,0,yok
apranax,"cok muthis agri kesici.. bi tane al, bes saat agrin sizin dinsin. apranax fort daha iyi",eksisozluk,0,yok
apranax,doktorumun ulser teshisi koyduktan sonra yakin zamanda alip almadigimi sordugu ilac. forte'unu almistim!!!,eksisozluk,1,sindirim
apranax,"aspirin ve turevi ilaclara reaksiyon gosterenlerde,aktif mide ve duodenum ulseri bulunan kisilerde,hamilelerde kullanilmamalidir.bobrek ve karaciger fonksiyon bozuklugu olan ayrica kalp rahatsizligi bulunan kisilerde de dikkatle kullanilmalidir.ayrica (bkz:  aprol ) (bkz:  aprowell )",eksisozluk,1,sindirim
apranax,uretici firmanin en sevdigi hekimler dis hekimleridir,eksisozluk,0,yok
apranax,yorucu bedensel aktivite sonrasi yasanan kas agrilarini hafifletebilen ilactir kendisi.,eksisozluk,0,yok
apranax,"abdi ibrahim ilaç firması tarafından üretilmis, naproksen sodyum oranı 275 mg olan tablet ve 550 mg olan fort tabletler halinde satılan süperr agrı kesici.  regl donemi nde bire bir dir.",eksisozluk,0,yok
apranax,"mide ph'ını şaşılacak ölçüde düşüren, mide yakan hede....",eksisozluk,1,sindirim
majezik,"bas, dis, karin agrisina gayet iyi gelen bir  sanovel  urunu ilac.",eksisozluk,0,yok
majezik,"endikasyonlar : çeşitli nedenlere bağlı baş ve diş ağrıları, nevraljiler, adet sancıları, romatoid artrit, osteoartrit, ankilozan spondilit, akut gut artriti, eklem romatizmaları, artrozlar, lumbago ve şiddetli radikülaljilerin akut ve uzun süreli semptomatik tedavileri, çeşitli cerrahi operasyonlar, yumuşak doku travmalarına bağlı ağrı ve enflamatuar semptomların giderilmesi, k.b.b. ve stomatolojik rahatsızlıklardaki ağrı ve enflamasyonun giderilmesinde endikedir. kontrendikasyonlar : flurbiprofen'e karşı aşırı duyarlılığı olan kişilerde kontrendikedir. flurbiprofen, aspirin ve diğer nonsteroidal antienflamatuar ilaçların astım, ürtiker veya diğer allerjik reaksiyonlara yol açtığı bilinen kişilerde kontrendikedir. yan etkiler : flurbiprofen tedavisi ile seyrek olarak görülen yan etkiler hafif şiddette, doza bağlı ve geçicidir. dispepsi, bulantı, kusma, abdominal ağrı, gaz şikayetleri, diyare, konstipasyon, ürtiker, baş dönmesi, sinirlilik, kulak çınlaması, bulanık görme, rinit, vücut ağırlığı değişimleri gibi yan etkiler görülebilir.  dozaj : tavsiye edilen günlük doz : bölünmüş dozlar halinde 150 mg - 200 mg'dır. semptomların şiddetine göre günlük doz toplam 300 mg'a çıkarılabilir. adet sancılarında, semptomların başlangıcında 100 mg, bunu takiben 4-6 saatte bir 50 mg - 100 mg'dır. maksimum günlük doz ise, 300 mg'dır.",eksisozluk,1,sindirim
majezik,"en kucuk bir agrida, hemen basvurdugum  basucu  ilaci..",eksisozluk,0,yok
majezik,regl in kesin cozumu majezik arayan bir kadin gordumuzde  regl  oldugunu annamamizi saglayan ilac..  *,eksisozluk,0,yok
majezik,ağrıdan başını duvarlara vurma noktasına gelenler için en iyi ilaç.yarım saat içinde en dayanılmaz ağrıdan kurtarıyor kıvranan bünyeyi...diğer ağrı kesicilere oranla biraz pahalı ama migren benzeri ağrılarda bile başarılı olduğu düşünülürse kesinlikle fiyatını hak ediyor.,eksisozluk,0,yok
majezik,orta etkide bir  analjezik . yan etkisinin neredeyse hiç olmaması da bu orta etkililiğinden kaynak alıyor. unutulmamalıdır ki gerçekten etkili olan  ilacın çoğu zaman yan etkisi de olur. etkili bir analjezik için: (bkz:  apranax fort ) *,eksisozluk,0,yok
majezik,"genelde mide problemi(gastrit,ülser) yaşayan ademoğulları, her painkiller ı öyle kolay alamazlar.(misal;vermidon) bu tarz mide problemi olanların çekinmeden kullanabileceği süper bi ağrı kesicidir. 100 mg lık 20 tabletten oluşan kutucuklar halinde satılan şekli en yaygınıdır. fiyatı da sanırım 12-13 ytl civarlarındadır.",eksisozluk,1,sindirim
majezik,regl sancısı için süper bir ağrı kesici...  kısa zamanda kesin çözüm getiren tek ilaç sanırım... buscopan falan yalan!!,eksisozluk,0,yok
majezik,regl sancısını geçiriyor geçirmesine de regl son ürünlerinin daha sulu ve daha fazla olmasına neden oluyor diyor hatunlar ben onların yalancısıyım...,eksisozluk,0,yok
parol,özellikle  baş ağrısı  için tavsiye edilir.  mide ülseri olanların da rahatlıkla kullandığı ağrı kesicilerdendir. (bkz:  gripin ),eksisozluk,1,sindirim
parol,"şu sıralar eczanelerden pek alınmaması gereken ağrı kesici. ""kıl"" içermekteymiş ve halen emir olmasına rağmen piyasadan çekilmemiş.  http://www.beo.org.tr/…e=news&file=article&sid=1307",eksisozluk,0,yok
parol,ağrıyan  yirmi yaş dişi me  hele otur bi soluklan yiğenim  diyen ilaç. *  belki de psikolojiktir bilemem.,eksisozluk,0,yok
parol,"alkolle etkileşimini henüz görmediğim, akşam edit yapabilirsem bana bişey yapmadığını söyleyebileceğim ilaç. edit: rahatça içiniz. postedit: ilk editimi akşamına yapmışım, kafam hala güzelmiş herhalde. yazılır mı böyle şey. düzeltiyorum: ben öldüm, siz de içip ölmeyin.",eksisozluk,0,yok
parol,"migren tedavisinde atak gelmeden önce iki tane alınması doktor tarafından tavsiye edilen ağrı kesici,ateş düşürücü",eksisozluk,0,yok
parol,hamilelerin içebileceği bebeğe zarar vermeyen yegane tek ilaç.  (bkz:  hamileyim ) (bkz:  ordan biliyorum ),eksisozluk,0,yok
voltaren,"kas gevşetici romatizmal ağrılar için kullanılan  merhem , em ,  ilaç",eksisozluk,0,yok
voltaren,kokusuz olan merhem ..kokulusu için (bkz:  bengay ),eksisozluk,0,yok
voltaren,kokusu spor salonlarinin soyunma odalarini dolduran jel...,eksisozluk,0,yok
voltaren,"merheminin yaninda ignesi de vardir, ozellikle  adet sancisi  ceken bayanlar, durum hakikaten elden ciktigi zaman kullanirlar.",eksisozluk,0,yok
voltaren,"diflofenak sodyum içeren  antienflamatuar  ve  analjezik  olarak kullanılan bir ilaç; merhem , hap ve ampul formunda satılmaktadır.",eksisozluk,0,yok
voltaren,"(bkz:  bilek burkulması ) durumlarında doktorlar tarafından tavsiye edilen, nane gibi kokan jel...",eksisozluk,1,diger
voltaren,her türlü adele agrısına iyi gelen mucizevi bir ilactır bu...kremi cok etkilir ama ignesi bambaskadır.boynu tutulan kisinin hemen bu ilacın ignesi yaptırmalıdır.cok kısa bir süre icersinde tutulan boyun kendini bırakıcak ve yavsicaktır...,eksisozluk,0,yok
arveles,dismenore  için önerilenilaçlardan biri yan etkilerinin arasında abdominal ağrı olmasıyla güldürmüş ilaç,eksisozluk,0,yok
arveles,şiddetli baş ağrılarında etkili olan ilaç. rahatça apranaxdan terfi edilebilir zira 500 mg almak yerine 25 mg ilaç alıyorsunuz şaaak diye kesiliyor ağrı.  ps: en azından bende,eksisozluk,0,yok
arveles,bazı bünyelere hiçbir şekilde işlemeyen ilaç (ben de dahilim bu güruha; bana mısın demedi) bence denemek istiyorsanız bir de çantanızda plan b analjezik de bulunsun; sürünmeyin.,eksisozluk,0,yok
arveles,ibrahim etem ulagay - menarini ilaç grubunun ürettiği oldukça etkili bir ağrıkesicidir. hemen hemen tüm ağrılar için kullanılabilir. özellikle baş ağrılarında oldukça hızlı etkisini gösterir.,eksisozluk,0,yok
arveles,herkes arvelesin bi özelliğini yazmış ben de kutusunun rengini söyliyeyim bari. efendim kutusu mavi beyazdır. beyaz kısmı mavi kısma doğru üçgen şeklinde girinti yapar. tablet formlarının kutusu dikdörtgen şeklindedir. ampul içeren kutuları yine dikdörtgen olmakla beraber biraz daha geniştir. ampuller hem im ( intramuscular) ( kas içine ) hem de iv (intravenöz) ( damar içine ) olarak kullanılabilir. ayrıca etken madde olarak deksketoprofen trometamol içerir diyerek sunumuma burada son vermek istiyorum sayın seyirciler. muhabiriniz nahiyyeaa eczaneden bildirdi ! esen kalın.,eksisozluk,0,yok
arveles,ketoprofen  (bkz:  profenid ) isimli maddenin aktif enantiyomeri olan  deksketoprofen i içeren ilaç.,eksisozluk,0,yok
arveles,"potansiyel, real madrid'te oynayan ispanyol sağ bek ismi.",eksisozluk,0,yok
arveles,her satın almak istediğimde bana meksikalı bi kaçakçı ismine benzeyen alveres'i çağrıştıran ilaç adı.,eksisozluk,0,yok
cipralex,"10 mg. escitalopram etken maddeli citalopramdan olma  cipram dan doğma yeni  ssri . cipramdan daha seçici olduğu bu yüzden de yan etkilerinin daha az olduğu ve daha hızlı etki ettiği  söyleniyor. citalopram etken maddesinin terapötik olarak inaktif olan r-citalopram komponenti uzaklaştırılarak elde edilmiş. işbu yüzden cipralex namlı yeni ilacın cipramdan daha düşük dozlarda daha etkili olacağı iddia ediliyor, bu da tedavi maliyetini düşüreceğe benziyor. cipralex şu an için cipramdan ucuz ve o da atası gibi 28 tabletlik paketlerde satılıyor. 2002 yılında  fda  onayı almış. doktorunuza danışmadan kullanmayınız.",eksisozluk,0,yok
cipralex,ambalaj kutusunda olmadığı zaman (bkz:  cipram ) sanılan ilaç.,eksisozluk,0,yok
cipralex,"fda in 1992 de ongordugu sekilde iki ayri izomerden etkisiz olaninin ayristirildiktan sonra kullanima sunulmasi gerekliligi ilkesini hice sayip  sitalopram i piyasaya veren  lundbeck  (bkz:  lombak ) firmasinin,  cipram in patent suresi dolduktan sonra ""aaaa bak biz ne bulduk"" diye zaten olmasi gereken sekliyle piyasaya sundugu ilac.",eksisozluk,0,yok
cipralex,lundbeck  ilac firmasinin   ssk  ilac listesine giremediginden su anda ssk hastahanelerinde satilamayan antidepresani,eksisozluk,0,yok
cipralex,ilaç fiyatlarında yapılan yeni düzenlemelerle fiyatı bayağı bir aşağı çekilen yeni nesil prozac.,eksisozluk,0,yok
cipralex,"kullanmaya basladiktan yaklasik 2inci haftadan itibaren insandaki asiri heyecan, asiri sevinc, asiri uzuntu, asiri sinir, kisaca asiri tepkilerin tumunu ortalamaya ceken, bir nevi ruh torpusu ilac",eksisozluk,0,yok
cipralex,"daha yavaş sinirlenmeyi sağlayan. insanın öfke kontrolünü kaybetmesini biraz daha gecikteren güzel ilaç. (bıraktığımda farkettim gerçekten etkisi var) daha rahat bir hayat sürmek için almak gerekebilir. (psikiyatrist in verirken söylediği cümle : depresyonda değilsin bu ilaç senin yaşam standartlarını artıracak, daha rahat hissetmeni sağlayacak)",eksisozluk,1,norolojik
cipralex,"tepkileri törpüleyen, bazı bazı hissizleştiren, panik bozukluğun tedavisi için üç ay kullanılması gereken ilaç.",eksisozluk,0,yok
cipralex,onun degil de bunun  huzur  oldugunu gosteren bir ilac.  savior . (savmior.),eksisozluk,0,yok
prozac,yatistirici sakinle$tirici yasal uyu$turucu edit: külliyen yanlış olabilir bilgi sahibi değilim.,eksisozluk,0,yok
prozac,kullanmayi biraktiginda hayati zehir zemberek yapan ilac..,eksisozluk,0,yok
prozac,"prozac mutsuz bir insani mutlu yapmaz, seretonin dengesi bozuk olmayan insanlarda da jelibom yese daha etkili olur. kümülatif etkili bir ilac olup derin depresyon hallerinde 3-6 ay boyunca kullanmak gerekir. sindirim sistemine acaip etkileri vardir maksimum yogunlukta aromalı osuruklara sebep olabilir...",eksisozluk,1,sindirim
prozac,prozacın antidepresan olarak etkisini gösterebilmesi için bir süre düzenli olarak kullanmak gerekiyor.yan etkilerine bir göz atınca kötü hissettirmeyen bir yıkım olduğu düşünülebilir.asla bir uyuşturucu değil lafınıda en çok reçeteye procaz karalayan doktorlar kullanır...,eksisozluk,0,yok
prozac,libido yu düşürdüğü ve antidepresan olduğu için öğrencilere sınav zamanı verilir (doktorlar tarafından) başta iştah kapar ve bu sebepten dolayı kilo verilebilir... ancak uzun vadede etkiler tarsine döner.. libido eskiden daha fazla olur (bkz:  duz duvara tirmanmak ) ve iştah açılır..,eksisozluk,1,sindirim
prozac,"""sosyal endikasyon ve depresif hal"" teshisiyle eger depresyon durumunuz agır degilse günde tek doz kullanımının hayatınızı kurtardıgının farkına vardıgınızda doktora ettiginiz sesli ve sessiz küfürlerin tamamından utandıgınız, bırakmadan önce dozu yavas yavas azaltmanız gereken yoksa sizi daha kötü bir depresif hale sokacak olan, çogu zarar azı gercekten karar olan ilac..",eksisozluk,1,norolojik
prozac,50 mg fluoksetin hidroklorür ün ilaç hallerinden biri diğerleri için bakınız (bkz:  fulsac ) (bkz:  depreks ),eksisozluk,0,yok
sertralin,yaygın kullanılan bir antidepresan. (bkz:  lustral ) (bkz:  seralin ),eksisozluk,0,yok
sertralin,"ssrı (seçimli serotonin gerialım inhibitörü) sınıfı bir antidepresan. panik bozuklukta, panik atakların kontrol edilmesi ve engellenmesi hususunda çok yardımcıdır. * kullanıldığı diğer alanlar olan okb, sosyal fobi ve majör depresyon gibi rahatsızlıklarda ise ancak farklı desteklerle ciddi iyileşme sağlayabildiği gösterilmiştir. her antidepresan gibi ciddi bir şeydir. bir işe yaramıyor, yutun, 500lük yutun 1000lik yutun falan gibi şeylerle geleni ıslak hortumla dövüyorum.",eksisozluk,1,norolojik
sertralin,hiç tanımadığı birine küfretmekten çekinmeyen yazar. http://i.hizliresim.com/9q8byr.png,eksisozluk,0,yok
sertralin,"babannişkomun severek kullandığı uyku yapmadığını söylediği minik hapcık. 2 gün önce yüksek tansiyondan dolayı hastaneye kaldırdık o günden sonra içinde bir korku evham oluşmuş.yıllar önce verilen bu ilaca yeniden başladı.tabii bi hafta geçmeden etkisini gödtermiyor. tansiyon umrumda değil korkularım gitse keşke diye dua ediyor. evde yalnız kalamıyor aklına kötü şeyler geliyor. dün yalnız bırakmamak için tam yanına iniyordum ki kendisi beni aradı bana ayaktaş olur musun diye. bir de utangaç bir de masum ki sanırım utanma huyumu kendisinden almışım. kaç yıllık torunuyum hala çekinerek arar beni. biraz destek olmaya ve anlamaya çalıştım konuyu değiştirsem de sürekli hastalığı konuşmak istiyordu. korkunun içinde nasıl bir etki yaptığını öğrenmek istedim. içimden ılık ılık bir şeyler geçiyor, kollarım çıng çıng ediyor. bazen zıngır zıngır titriyor içim dedi. ilacın da etkisiyle ağızları kuruyor sürekli yalanıyordu tontişim. şimdi daha etkili ilaçları almak için almanya'daki doktorundan randevu aldı. ama önümüzdeki bi haftayı nasıl geçirecek, çok üzülüyorum nasıl hafifletebilir ki bu korkuyu. her şeyin bilincinde zamanında da bu hastalıklar başına gelmiş çok kez yaşamış o yüzden bilinçli ama yine de engel olamadığı bir korku bu.allah pskikolojik sorunları olan herkesin gönlünü ferah tutsun inşallah.",eksisozluk,1,norolojik
sertralin,dönem aralığına bakın diş teli takan onbinler göreceksiniz,eksisozluk,1,diger
sertralin,"etkinliğinin az olması gibi, yan etkileri de diğer antidepresanlardan daha azdır. bu yüzden yaşlılar da dahil olmak üzere, hastalara çok yaygın olarak reçete edilir. suisid için uygun değildir. gramlarca alındığı halde, bulantı ve ishal yapar. ama öldürmez. biraz da bu yönüyle yaygın olarak hastalara verilmektedir. yani suisid girişimi bakımından daha güvenlidir. ormanda derler ki: ""ancak ve ancak, kişiye sertralin dolu bir kamyon çarparsa kişi ölür""",eksisozluk,1,sindirim
paxil,paroxetine hcl icerikli anti depresan.glaxosmithkline'nin yeni mamulu.,eksisozluk,0,yok
paxil,çocuklar duymasın ekibi tarafından bir tanıtım filmi çekilen anti depresan bir ilaç. kısaca mutluluk ilacı,eksisozluk,0,yok
paxil,"drow  lisanında çürüme, bozulma anlamına gelen sözcük.",eksisozluk,0,yok
paxil,"tüm depresyon tipleri,anksiyete bozukluklarının tedavisinde kullanılabilen,aniden bırakılmaması gereken, bırakıldıgı takdirde insanın gününü mahvedip sarhos olmaktan beter eden  *  bir  anti depresan .",eksisozluk,1,norolojik
paxil,"hafif siddette gerceklesen  depresyon larda doktorlarin reçete ile verdikleri, insanda hafif derecede uyusukluk yapan  prozac  turu bir antidepresan ilaçtir.",eksisozluk,1,norolojik
paxil,"diger anti depresanlar kadar uyku vermedigi, daha cok gulucuk verdigi icin bir cok kimsenin tercih sebebi olan ismi gicik ilac.  prozac  tan uc kat daha iyi oldugu soylenir",eksisozluk,1,norolojik
paxil,depresan etkisinin yanında anksiyeteyede çözüm getiren seroxat ın paket değiştirmiş hali yurt dışında adı en çok mahkemelerde yankılanan antidepresanlardan temkinli davranılmasında yarar var,eksisozluk,1,norolojik
paxil,"tum yan etkilerine (bkz:  bas donmesi,halsizlik,uyku,mide bulantisi ) ragmen ilk gunden itibaren isini iyi yaptigini gordugum ilac. (bkz:  mutluluktan ucacagim abidin )",eksisozluk,1,sindirim
paxil,"midemi mahveden ,sabahtan beri böğürmeme sebebiyet veren antidepresan",eksisozluk,1,sindirim
paxil,"bırakıldığı takdirde ilk birkaç gün sarhoş gibi dolaşmanıza, kış ortasında askılılarla gezmenize sebep olabilir. ellerinizin titremesi ve bunu kontrol altına alamamanız da ayrı bir olaydır. alınmaya başlandığında da mide bulantısı, baş dönmesi gibi etkileri kendini göstermeye başlar. bunların dışında etrafa gülümseyen bir suratla bakmanızı sağlar.",eksisozluk,1,sindirim
lustral,"eski metallium gitaristi, yeni  karton  insani, sevgili arkadas. motoru var, kaski var, kedisi var. seviyorum :)",eksisozluk,0,yok
lustral,"serotonin geri alım inhibitoru olup,salgılanan serotoninlerin vucutta serbestce dolasmasına izin vererek,panik atak,depresyon ve obsesif kompulsif bosukluk tedavisinde etkili olan bir anti-depresan turu",eksisozluk,1,norolojik
lustral,sizin tepki vereceğiniz varsa kesinlikle etkileyemeyen ilaç...,eksisozluk,0,yok
lustral,"oyle bir hafta kullanarak hic bir sonuc elde edemeyeceginiz, uzun sureli ve duzenli kullanim gerektiren hafif bir antidepresan.",eksisozluk,0,yok
lustral,"uzun süreli kullanımda işe yarayan, en sinirlenmeniz gereken anda bile ""boşver yav, daha sonra sinirlenirim"" hissi veren ilaç... yan etkisi ise erkeklerde ejekülasyonu geciktirme... edit :  bu yan etki kadınlarda da geçerliymiş...",eksisozluk,0,yok
cipram,"var böyle bi$ii!!! hem de hayat kurtaran cinsinden... haddime düşmeksizin iddia edebilirim ki a/d'lerin en iyisi, en efektifidir, günün birinde asla ihtiyaç duyulmaması dilenir...",eksisozluk,0,yok
cipram,"avrupada cipramil, abd'de celexa olarak piyasadadır.",eksisozluk,0,yok
cipram,"danimarka kokenli lundbeck ilac firmasi tarafindan 2000 yilindan beri turkiye'de pazarlanan bir antidepresan, daha evvel yerli bir firma olan liba tarafindan satiliyordu.",eksisozluk,0,yok
cipram,tarih itibariyle 66 milyona edinilebilicek mutluluk.,eksisozluk,0,yok
cipram,amerikadaki en ucuz turkiyedeki en pahalli ssri. ilac etkilesim profili en duzgun olan ssri lardan biridir karacigerde d26 inhibisyonu yapmaz. anksiyolitik profili de fena diildir.,eksisozluk,0,yok
cipram,oda ısısında saklanmalıdır. reçete ile satıldığı için gerekirse bir sonraki kutuya başlamadan önce tekrar kontrole gitmek gerekir.,eksisozluk,0,yok
cipram,migren  tedavisinde de kullanilan  anti depresan .,eksisozluk,0,yok
cipram,"etkisini aldıktan 15 gün sonra göstermeye başladığı söylenen, ilk zamanlarda hafif bir baş dönmesi, bulantı hissi veren, iyi olsanız bile altı ya da sekiz ay kullanmanız gereken anti depresan.",eksisozluk,1,sindirim
cipram,"pek çok antidepresan gibi ilk başta 2 hafta boyunca yarım olarak alınan ve en az 6 ay kullanılması gereken,ayakta uyutan ve bırakıldığı takdirde ağlama krizlerine sokan ilaç. aniden bırakıldığında  kesilmek bilmeyen baş dönmeleri olmasına sebep veren ve başlarken olduğu gibi kişinin kendini sersem gibi hissetmesine yol açan ilaç.rahatlatır,uykuyu düzene sokar,anormal yan etkileri yapmaz,24 saat gülücükler saçtırır...",eksisozluk,1,norolojik
augmentin,"super bir  antibiyotik . 1100'lugu ak$amdan sabaha silkeler bocekleri, bakterileri, direkman ayaga kaldirir.",eksisozluk,0,yok
augmentin,"amoksisilin  ve  klavulanat (klavulanik asit olarak da geçer) bileşiminden oluşan,  fako ilaç  firması tarafından üretilen antibiyotik.",eksisozluk,0,yok
augmentin,"1000'lik versiyonunun her film tabletinde; 875 mg amoksisiline eşdeğer amoksisilin trihidrat, 125 mg klavulanik asite eşdeğer potasyum klavulanat ve boyar madde olarak titandioksit içeren antibiyotik (bkz:  bokunu çıkarmak )",eksisozluk,0,yok
augmentin,amoklavin muadili...daha artiz karakterlisi ema...bid formu cikali da cok oldu...gunde 2 adet kafi geliyor...,eksisozluk,0,yok
augmentin,3 kutu icmi$ olmama ragmen hala beni ayaga kaldiramayan antibiyotik * .,eksisozluk,0,yok
augmentin,"bir de surup augmentin vardir.cocuklugumda ondan icirilirdim. igrenctir tadi ve kokusu, halen unutmadim cektiklerimi onu icerken.",eksisozluk,0,yok
augmentin,yirmi yaş dişinin yol açtığı ibneliklerde doktor bunu yazar. hakkaten işe yarar.,eksisozluk,0,yok
augmentin,"%10'unu ödediğinizde  *  bile bir öğrenciye çok gelecek kadar fahiş fiyatı olan, doktorların en sıradan soğuk algınlıklarında bile hemen yazdığı, mucivezi özellikleri olmayan bir antibiyotik.",eksisozluk,0,yok
augmentin,"an itibariyle 1000 mg fiyati 31,47 ytl'dir. bilgisayar mühendislerinde siddetli göz agrisi yan etkisi vardir.",eksisozluk,0,yok
amoksisilin,"yarısentetik bir  penisilin . bağırsak tan emilimi çok iyi olması önemlidir.  gram negatif bakteri lere yüksek etkinlik gösterir.  klavulanik asit ( klavulanat ) (ki o  beta laktamaz inhibitörleri  grubuna dahil bir maddedir) ile beraber kullanımı sayesinde,  beta laktamaz ların yaptığı parçalanmadan korunma şansları, dolayısıyla da etkinlikleri artar...(bkz:  augmentin )",eksisozluk,0,yok
amoksisilin,molekuler formulu c16 h19 n3 o5s.3h2o ve molekuler agirligi ise 419.45 'tir. orijinal yazimi amoxicillin 'dir.,eksisozluk,0,yok
amoksisilin,"sari-kirmizi, 500 gramlik kapsullerden iki tane sallayip, bogazimin agrisini geciren super ilac. (acaba placebo efekti mi yapti ne?) allah bulana, yapana dert gostermesin.",eksisozluk,1,sindirim
amoksisilin,1000 mg lık olanı yutulamayıp boğaza yapışan antibiyotik. yarıya bölüp yutmaya çalıştığımda gene yapışıyor. susuz ilaç yutmak/@sare  entryimi bana yedirttiren ilaç olmuştur.,eksisozluk,0,yok
amoksisilin,vücudun c vitamini takviyeli savunma sisteminin 3 gündür indiremediği şişmiş bademcikleri ilk kullanımdan 3 saat sonra huzura kavuşturan şey,eksisozluk,0,yok
amoksisilin,diş tedavisi öncesinde kalp kapakçığı sorunu olanlarda  enfektif endokardit  gelişmesini engellemek için kullanılması gereken antibiyotik.,eksisozluk,1,kardiyovaskuler
amoksisilin,"kullanmayi nedense sevmedigim genis spektrumlu antibiyotiktir. sindirim sistemine advers etkileri coktur. 45 gun icerisinde, ikinci kez almak mecburiyetinde kaldim. eczacinin beni antibiyotiklerden uzaklastirip, farenjitten sut beyazi olmus bogazimin  semptomatik  tedavisi icin pastillere aspirinlere yoneltmesi, yatistirmasi gerekirken, dayadi 1000mg  klamoks bid 'i. umudumuz, bogaz agrimizin  viral  sebepli olmamasi. 1000mg lik haplariyla taso, misket gibi oyunlar oynanabilir, tavlada kayip pul yerine kullanilabilir, zira yutulmasi icin yapilmamis gibi duruyor. kendime not: hastayken  house  izlemiyoruz.",eksisozluk,1,sindirim
amoksisilin,"manyak kafasi var bu ilacin.. inanilmaz durgunlasiyor insan, öroyin yuklemis gibi oluyor. (bkz:  kiza öroyin yükleyin ) tum yasam enerjisini ve hatta sevincini goturuyor, en azimdan benim bunyemde boyle. amoksilin kullandigim gunlerde gunde 17 saat uyudugumu bilirim.",eksisozluk,0,yok
amoksisilin,"çok güzel osuruk kokuyor. parmağım kadar hap, kokusu ve o iğrenç tadıyla kusmamak için kendimi zor tutuyorum.",eksisozluk,1,sindirim
amoksisilin,butun bir haftasonu boyunca iltihaplanmaktan gebermis bogazlarimi 3 saat icinde rahatlatmis antibiyotiktir. yerim ben onu. tek sorun butun hafta kullanmak zorunda olmam.,eksisozluk,1,sindirim
klaritromisin,bir  makrolid  turu  antibiyotik ..alt ve ust solunum yolu infeksiyonlarinda endikedir.,eksisozluk,0,yok
klaritromisin,kullanıldığı süre içerisinde ağız tadınızı bozan  antibiyotik. atipik pnömonilerin vazgeçilmezi.,eksisozluk,1,sindirim
klaritromisin,toplum kökenli pnömonide tercih edilmesi gereken ilk ilaç. ayrıca otitis media ve sinuzit tedavisinde de oldukça başarılıdır.,eksisozluk,0,yok
klaritromisin,"m. avium , t. gondi , h. pilori, h. influenza bakterilerinde etkili antibiyotik. dokulara dağılımı iyidir.",eksisozluk,0,yok
klaritromisin,uykusuzluk ve kişilik değişikliğine neden olan antibiyotiktir..,eksisozluk,1,norolojik
klaritromisin,"kullanımı oldukça zor olan antibiyotik. ağızda bıraktığı metalik tattan dolayı iştah bırakmaz, mide bulantısı yapar, kısmen hayattan soğutur ama ölüyü de diriltiyor hani.",eksisozluk,1,sindirim
klaritromisin,(bkz:  klacid ) (bkz:  macrol ) (bkz:  deklarit ) (bkz:  klamer ) (bkz:  klarolid ),eksisozluk,0,yok
klaritromisin,çok etkilidir ancak agzınız zehir yutmuş gibidir kullandıgınız sürece.,eksisozluk,0,yok
nexium,helicobacter pylori  ve gastrit teshisi ile aladurdugum (bkz:  emedur ) sabahlari ac karnina alinan isvicre de uretilen  afilli  ilac.,eksisozluk,0,yok
nexium,"turkcede mide yanmasi olarak tabir edilen mide asidinin girtlak borusuna kacmasi ve aci icinde yanmalara sebep olmasini gecici olarak tedavi eden ilactir.  prilosec  isimli ilacin cikisinin ve ustelik recetesiz satisinin ardindan sigorta sirketlerinin odemesinde en cok sorun cikarttigi ilaclarin da basinda gelir, 30 gunluk receteli nexium icin 159 dolar isteyen eczaciya aval aval bakmam sonucu anlattigina gore bu ilaci alabilmek icin receteden ziyade doktordan kesin olarak hastanin bu ilaca ihtiyaci var onayi gerekiyormus sigorta sirketinin odemeyi yapmasi icin..",eksisozluk,1,sindirim
nexium,yemeklerden en az 1 saat önce ve hep aynı saate alınması önerilir ki bu bilgi ilaç prospektüsünde yazılmamıştır.  http://www.always-health.com/nexium_benifits.html,eksisozluk,0,yok
nexium,bugün  radikal  gazetesinde cikan bir habere göre demir ve kalsiyum emilimini engelleyerek kalca kirigi riskini arttiran da bir ilacmis.,eksisozluk,1,sindirim
nexium,"nexium (esomeprazol) dünyanın ilk ve tek izomer proton pompa inhibitörüdür. s ve r izomerin birbirinden ayrılması sonucu elde edilmiştir. bu teknoloji sayesinde beş bilim adamı nobel kimya ödülünü almışlardır. özellikle şu anda tüm dünyada en çok satan ikinci ilaçtır. asıl tercih edilme nedeni daha fazla hastayı iyileştirmesidir. ilk kez 2003 yılında türkiye'de piyasaya verilmiş, bir buçuk yıl gibi kısa bir sürede grubunda en çok tercih edilen ilaç olmuştur. özellikle gastro özofageal reflü (görh), peptik ve duedonal ulcus, helicobacter pylori eradikasyonunun tedavisinde uygun antibiyotiklerle kombine, nsaid 'lerin gasro intestinal yan etkilerinin profilaksisinde, zollinger ellison sendromunda kullanılmaktadır. genelde 40mg tek doz kullanılmaktadır. özel mups tablet yapısı sayesinde etkinliği artırılmış ve suda eritilip yutma güçlüğü olan hastalarda kullanılma imkanı sağlanmıştır.",eksisozluk,1,sindirim
nexium,"diger proton pompasi inhubuturleri ile arasinda ne gibi farklar oldugunu merak ettigim ilac..misal endoskopiden sonra lansor yerine bunu onerdi doktorum,neden boyle olmustur bilen saglikci sozluk yazarlarina selam ederim.",eksisozluk,1,dermatolojik
nexium,"prospektüsünde yazan yan etkilerin mutlaka dikkate alınması gereken ilaç. ahan da yazıyorum buraya: kan ve  lenfatik  sistem hastalıkları nadir:  lökopeni ,  trombositopeni çok nadir:  agranülositoz ,  pansitopeni . immün sistem  hastalıkları nadir:  hipersensitivite  reaksiyonları örn. ateş,  anjiyoödem , anafilaktik reaksiyon/şok metabolizma ve beslenme hastalıkları seyrek: periferal ödem nadir: hiponatremi psikiyatrik hastalıklar seyrek: uykusuzluk nadir: ajitasyon ,  konfüzyon , depresyon çok nadir: agresyon,  halüsinasyonlar sinir sistemi hastalıkları sık: başağrısı seyrek: baş dönmesi,  parestezi , uykuya eğilim nadir: tat alma bozukluğu göz hastalıkları nadir: bulanık görme kulak hastalıkları seyrek: vertigo solunum,  toraks  ve  mediasten  hastalıkları nadir: bronkospazm gastrointestinal hastalıklar sık:  abdominal ağrı,  konstipasyon ,  diyare , şişkinlik, kusma/bulantı seyrek: ağız kuruluğu nadir:  stomatit , gastrointestinal  kandidiyazis hepatobiliyer  hastalıklar seyrek: karaciğer enzimlerinde yükselme nadir:  ikter li ya da iktersiz hepatit çok nadir: karaciğer yetmezliği, daha önce karaciğer hastalığı olanlarda ensefalopati deri ve  subkutan  doku hastalıkları seyrek: dermatit,  prurit , döküntü, ürtiker nadir: alopesi, fotosensitivite çok nadir:  eritema multiforme ,  stevens-johnson  sendromu, toksik epidermal  nekroliz  (ten) kas, iskelet sistemi, bağ dokusu ve kemik hastalıkları nadir: artralji ,  miyalji çok nadir: adale güçsüzlüğü böbrek ve üriner sistem hastalıkları çok nadir: interstisyal  nefrit üreme sistemi ve meme hastalıkları çok nadir: jinekomasti nadir: yorgunluk, aşırı terleme",eksisozluk,1,sindirim
nexium,"müthiş bir ilaçtır bu. sabah 1 adet 40 mg aldıktan sonra öğle yemeğinde bir acılı, bir acılı, bir acılı daha.. edit : mesela yani",eksisozluk,0,yok
lansoprazol,"bu grup ilaçların  prospektüs lerinde ambalaj açıldıktan sonra 1 ay içinde tüketilmesi, 1 ay sonunda kalan ilaçların tüketilmeden atılması tavsiye edilmektedir. eğer doktor ""sadece şikâyetin olduğunda al"" dediyse ve reçeteye 28'lik bir tane yazdıysa uzun zaman sonra gelen ilk şikâyet ettirici durum ""acabâ kutuyu açmaya değer mi ?"" sorusunu akla getirir.  akla gelen diğer bir soru da bu tür ilaçların neden  blister  denen, her tableti birbirinden ayıran ambalaj biçimi ile ambalajlanmayıp plastik şişelere doldurulduğudur.",eksisozluk,0,yok
lansoprazol,(bkz:  proton pompası inhibitörü ) (bkz:  pantoprazol ),eksisozluk,0,yok
lansoprazol,"artık eskisi gibi tercih edilmeyen, müstahzarı lansor olarak bilinen proton pompası inhibitörlerinden(ppi) antiülser aktif madde.artık yerini esomeprazol(nexium) almıştır.",eksisozluk,0,yok
omeprazol,"aktif maddesinin bulunduğu ilaçlar demeprazol (deva) , omeprazid (nobel) , omeprol (sandoz) ve prosek (eczacıbaşı) dir. midede çözünmemesi için enterik kaplanan mikropelletlerin kapsüllenmesi ile ilaç haline gelirler.",eksisozluk,1,sindirim
omeprazol,reflü  ve  ülser  tedavisinde genelde bu maddenin bulunduğu ilaçlar kullanılır.,eksisozluk,1,sindirim
omeprazol,midenin paryetal hücrelerindeki proton pompasını (h-k atpaz) inh ederek midenin asit salgısını azaltarak etki gösteren ilaç.,eksisozluk,1,sindirim
omeprazol,"proton pompası inhibitörü  kavramını hayatıma sokan, bu aralar en yakınımda olan, beni en çok koruyan şey, küçük mucizem.",eksisozluk,1,diger
omeprazol,"doktorun bana 4 kutu birden verdigi, reflu tedavisinde kullanilan ilac.. tam 112 kapsul.. 4 ay bu ilacla yasayacagim.. mideme aniden kramp seklinde giren agrilari kessin de, gerekirse butun omur de iceriz napalim..",eksisozluk,1,sindirim
omeprazol,"reflu tedavisinde kullanilamayacak olan aptal urunu ilac. mide asitini zayiflatarak yanmayi anlik olarak gecirir dogru. ancak mide asidi azaldikca reflu sikayetleriniz artacak cunku gastroezofagal kapakcik dusuk asidite oldugu zaman kapanmaz, boylece mide asidi daha fazla kacak yapar.  ayni zamanda ne kadar zayif mide asidi, o kadar dusuk protein yikimi, b12, d vitamini, demir ve magnezyum gibi mikroelementlerin dusuk/kotu sindirimi demektir. bu emikroelementlerin sindirilememesi ise cok ciddi problemler yaratir.",eksisozluk,1,sindirim
omeprazol,"proton pompa inhibitörüdür gastroözefagial reflü hastalarında kullanılır proton pompa inhibitörleri (ppi), mide parietal hücrelerindeki h?/k? atpaz enzimini inhibe ederek mide asidinin salgılanmasını azaltır. bu sayede mide içeriğinin asiditesi düşer. gastroözefagial reflü hastalığında (gerd), mide asidinin yemek borusuna kaçması sonucu irritasyon ve yanma hissi oluşur. ppi’ler, asit düzeyini azaltarak özofagus mukozasını korur, semptomları hafifletir ve iyileşmeyi destekler. diğer asit baskılayıcılara göre daha güçlü ve uzun süreli etki gösterirler. bu nedenle reflü tedavisinde birinci basamak ilaçlar arasında yer alırlar.",eksisozluk,1,sindirim
xanax,canavar gibi uyutur walla. genelde antidepresan ilaclarla beraber yardımcı olması baabında verilir. (bkz:  prozac ),eksisozluk,0,yok
xanax,"ben esrar kullandim 'a benzer bi havada turk gencinin ""ben bunu kullandim, super oldum"" diyerek ovundugu antidepresanlardan biridir. 0.5 mg ve 1mg'lik haplar seklinde yesil receteyle satilir, bagimlilik yapabilir.",eksisozluk,0,yok
xanax,"beyni meşgul eden gürültü (her türlü kötü algılanan sinyaller) seviyesini azaltarak duyarsızlığı engelleyen, ayrıntıların tekrar algılanmasını sağlayarak depresif etkileri azaltan ilaç. (bendeki etkileri böyle en azından)",eksisozluk,0,yok
xanax,"ilacın uyşturucu etkisi var insanın psikomotor aktivitesini düşürüyor, beyin hücrelerini öldürüyor.",eksisozluk,0,yok
xanax,alkolluyken veya degilken almaniz tavsiye edilmeyen ilâc. (bkz:  alkollu sozluk kullanmak ),eksisozluk,0,yok
xanax,(bkz:  depresyon ) (bkz:  depresyonla yaşamaya alışmak ),eksisozluk,1,norolojik
xanax,hiçbi şey yapmıyo.. sadece uyutuyo ..  6 tane de alsan 10 tane de alsan sadece uyutuyo,eksisozluk,0,yok
xanax,"... yeşil reçete ile satılan ve çabuk bağımlılık yapabilen, doktorlar tarafından insanı güçlü kıldığı belirtilen, bol alkol ile alındığında adamı formatlayan antidepresan.",eksisozluk,1,diger
xanax,ileri derecede  alzheimer  olaylarında da kullanılması önerilen ilaç,eksisozluk,0,yok
diazepam,metal gear *  adli oyunda  sniper 'i titretmeden kullanmak i¢in i¢mek durumunda kalinan sakinle$tirici.,eksisozluk,0,yok
diazepam,"damar-içi  sedasyon da kullanılan ilk  benzodiazepin dir. suda çözünmez ve organik sıvılarda emilimi sağlanabilir. bazı durumlarda ven hasarına ve bazen de ciltte ülserasyonlara neden olmaktadır, bu nedenle bu preperat günümüzde çok tercih edilmemektedir. ağız yolu ile verildiğinde 30-45 dakidada etki gösterir ve etkisi 4-6 saat sürer. damar içine verildiğinde 1-2 dakikada etki gösterir ve vücutta yarılanma süresi 20-90 dakikadır.",eksisozluk,1,dermatolojik
diazepam,konvülsiyon a giren hastalara verilip istemsiz kas hareketlerinin durdurulmasına yardımcı olur. ayrıca  house md  de kıçı başı oynayan her hastaya  dr. chase  in bastığı ilaçtır.,eksisozluk,0,yok
diazepam,"kimyasal formülü 7-kloro-1,3-dihidro-1-metil-5-fenil-2h-1,4benzodiazepin-2-on şeklinde ifade edilir. eczacılık fakültelerinin  farmasötik kimya sınavlarının banko sorusudur.",eksisozluk,0,yok
diazepam,itüsözlük ten aşina olduğum bir isim. onuncu nesil sabırtaşı yazarmış. hoşgelmiş.,eksisozluk,0,yok
diazepam,"itüsözlük te haftanın beğenilenleri listesinde çokça rastladığım isimdi, bu haftadan itibaren bizim listeyi de işgale başlamış. hoşgelmiş *",eksisozluk,0,yok
diazepam,itü sözlük ünlüsü olmasına rağmen dert dinleyebilen insan. ötesinden fazlası var aklımda ama yalakalık olur diye yazamıyorum.,eksisozluk,0,yok
diazepam,"itüsözlük  ü bitirdi, şimdi de buraya sıçmaya gelmiş. demedi demeyin.",eksisozluk,0,yok
ritalin,"bir ""upper;"" hem aktivite, hem de cevrenize gosterebildiginiz ilgiyi maksimize ediyor. uzun vadede sonuclari, ""tedavi ettigi"" veya bastirdigi soylenen ""rahatsizlik""larla ayni seyler. hiperaktivite, dikkatsizlik, vb.",eksisozluk,1,norolojik
ritalin,"nedense aylarca kullanmama rağmen üzerimde hiçbir etkisini hissedemediğim,sonunda değiştirdiğim,kırmızı reçeteyle almanın mümkün olduğu ilaç. (bkz:  merkezi sinir sistemi stimülanı )",eksisozluk,0,yok
ritalin,"vize döneminde ""sinir sahibi"", final döneminde ""akil hastasi"" seklinde nitelendirilmenize neden olan davranis bozukluklarina yol acan, tahammülsüzlügünüzü maksimum seviyeye cikartip yumrukla cam filan kirmak, tekmeyle dolabin kapagini göcürtmek gibi isler yapacak kadar disavurumcu olmanizi saglamak seklinde yan etkileri olan ama bunun yaninda gercekten uyumamanizi ve harbi harbi 10 saat nonstop atom fizigi falan da calismanizi saglayan ne idüğü belirsiz limonlu draje.",eksisozluk,0,yok
ritalin,bir tur uyarici ilac. farmakolojik etkisi amfetaminden cok kokaine benzer. sinir hucreleri arasinda dopamin birikmesi sonucu uyarici etkisini gosterir. dikkat eksikligi hiperaktivite bozuklugu olan cocuklarda ve narkolepsi(anormal anlık uyku istegi hastaligi) olanlarda kullaniliyor turkiyede kirmizi receteye tabi. methyphenidate( alfa2 fenil piperidin asetik asit) etken maddesi. konsantrasyonu bir yere toplamak icin kullaniliyor. bagimlilik yapma potansiyeli var. etkisi daha cok merkezi sinir sistemine yonelik.,eksisozluk,1,norolojik
ritalin,"öğrenci kimliğini kaybettiği söylenen hiperaktif çocukların aile, okul toplumsal yaşam düzeneğine uyum sağlaması için terapinin yanında verilen ilaç. çocuk konsantre olsun ki koyun edelim veya at ritalini kırsın kıçını çalışsın mantığındaki demokratik görünümlü tutucu ebeveynlerin can simidi.antisocial.com'da ezilip buruna çekilen 6 ritalinin kafa yaptığı yazıyordu; ben derim ki bi sikime yaramaz. sadece dopamin akışını 6 saat düzenleyip final zamanı adam gibi çalışmayı sağlar. 10'luk bir tabletin kana karışması yaklaşık 2 saati alır.etkisi ise ortalama 5.5 saat sürer..",eksisozluk,1,norolojik
ritalin,south park  da  cartman ın dizi boyunca aldığı ve etrafta  christina aguilera yı görüp şaşırmasına neden olan nane.,eksisozluk,0,yok
ritalin,deli ilaç. dikkat toplama açısından mükemmel ama birkaç kereden sonra etki süresi azalmaya başlıyor. 15 dakikalık dikkat toplayabilite için öyle bir ilacı da almak anlamsız. normal bünyede etkisi kısa sürüyor.,eksisozluk,1,norolojik
ritalin,gerektiği gibi kullanılırsa hakikaten mucizevi etkileri olabilen bir ilaç. özellikle dersler konusunda.,eksisozluk,0,yok
paracetamol,"asetaminofen olarak da bilinen bir tur agri kesici, ticari sekillerinini en unlusu  tylenol ,  gripin  ve  vermidon  olup yarim gram civarinda parasetamolun yanina 50 mg kadar kafein eklenerek hazirlanmis ilaclardir. naproksen sodyum yada metamizol sodyum bulunmadigi zamanlarda bu satirlarin yazari tarafindan daha yogun kullanilmaktadir ancak  etanol le etkilesimi bulunmamasi ilaci cazip kilan en onemli etkendir. toksik etki gostermesi icin kendinizi cok kasmaniz gerekir. intihar etmek icin akillica bi yol diildir. bi tek kronik alkolikseniz bu denenebilcek bi alternarif hale gelir. kan beyin bariyerini ve plasentayi geciyordu diye hatirliyorum ama hamile olma ihtimalim bulunmadigindan hamilelikteki kullanimi konusunda herhangi bir arastirma cabam bulunmadi.",eksisozluk,1,diger
paracetamol,mideye çalisan bu tür ilaclari aç karna almak sorun olabilir... (bkz:  panaljin ) (bkz:  aljin ),eksisozluk,1,sindirim
paracetamol,gripli gecelerde günlük sayfalarına sayıklamalarla yansıyan ilaç: parasetamol parasetamol günde bin miligram parasetamol yalnızca uyku getiriyor... kafeinle birlikte hazırlanmasının nedeni çok uyku getiren bir madde olması herhalde.,eksisozluk,1,norolojik
paracetamol,(bkz:  ağrı kesici ) ya da (bkz:  analjezik ) (bkz:  antipiretik ),eksisozluk,0,yok
paracetamol,catatonia'nın international velvet albümündeki bir şarkının adında geçer. goldfish and paracetamol what fools boredom breeds so much to do so many goldfish to feed and paracetamol i take them all they line my stomach wall,eksisozluk,0,yok
paracetamol,küçük çocuklara nispeten zararsız  öksürük şurubu  içerik maddesi (bkz:  calpol ),eksisozluk,0,yok
paracetamol,küçüklükten beri bayıldığım her hastalığımı sessizce çilekeşçe tedavi eden şurup ` :ve içeriği`,eksisozluk,0,yok
paracetamol,"fazla ve uzun zaman kullanildiginda, karacigerde donusumsuz zararlar olusturan agri kesici.",eksisozluk,0,yok
paracetamol,tylol hot  in 20g'lik posetlerinin 500mg'ini olusturan madde,eksisozluk,0,yok
ibuprofen,ağrı kesici ve ateş düşürücu olarak satılan  asprin imsi ilaç. bağırsakta çözüldüğü için mideyi zorlamıyormuş. (bkz:  nurofen ),eksisozluk,1,sindirim
ibuprofen,babamin yillarca bel agrisi icin kullandigi ilac. turkiye'de brufen markasiyla satilirdi ben cocukken.,eksisozluk,0,yok
ibuprofen,"kani sulandirmadigi icin  hemofili  hastalari tarafindan tercih edilebilecek aktif madde.. sahsen ben pespembe renkli "" suprafen "" ini yillardir kullanmaktayim.. karacigerim yetismior olabilir belki kalp carpintilarimin arada nedeni de olabilir ama ibuprofenler iyidir.. (caktirmadan tabutta rovesataya selam caktik madem ayak bilegim beni taksime gotur diyerek devam etmek isterim)",eksisozluk,1,kardiyovaskuler
ibuprofen,engin tecrübeme dayanarak ifade edeyim ki  dismenore yi hafifletebilen tek ilaçtır.,eksisozluk,0,yok
ibuprofen,tıpçıların hallerini anlatan bir kısa film olan  1 2 3 tıp ' ta inek çocuğun sevgilisine eklem ağrısı için öpücük yerine tavsiye ettiği ilaçtır.,eksisozluk,0,yok
ibuprofen,"özellikle düzensiz sık kanamalar ve  dismenore de etkin. hem kanama miktarını azaltır, hem ağrıyı giderir.",eksisozluk,1,dermatolojik
ibuprofen,bebeklerde hızla ateş düşürücü etki gösteren ilaç. türkiye'de  dolven  pediatrik şurubun ana maddesidir. amerika'da doktorlar paracetamolden ziyade ibuprofen önerirler ateşli bebeklere. çok etkilidir gerçekten.,eksisozluk,0,yok
naproxen,naproxen'in daha yüksek çözünürlüğe sahip varyantı,eksisozluk,0,yok
naproxen,"antienflamatuar , ağrı kesici. apranax,  aprol  gibi ilaçların etken maddesi.",eksisozluk,0,yok
naproxen,etkin maddesi olduğu ilaçları (bkz:  apranax ) çiğnemeden bol suyla yutmak gerekiyormuş. aksi halde beyin kanamasına sebebiyet verebilirmiş. (ben forward maillerin yalancısıyım),eksisozluk,1,diger
naproxen,"mide icin cok faydali olmayan bir bilesik. illa bu etken maddeye sahip bir ilac alinacaksa cok ciddi durumlar haricinde, 220 mg iceren  aleve  ya da normal  apranax  tercih edilmelidir..",eksisozluk,1,sindirim
naproxen,"piyasada bulunan ve bu adli etken maddenin kullanildigi yaklasik otuz cesit ilacin babasidir. yanilmiyorsam ilk amerikada uretilmis, uretiminde kullanilan  etken maddenin adini almis, telif suresi gectikten sonra   generic  hale gelip  muadil leri patlamistir. sanilanin aksine bu etken maddeye sahip unlu apranax ilk degil, aslinda sadece muadildir. amerikada 250 mg'liklari recetesiz, 550 mg'lari receteli satilir.",eksisozluk,0,yok
naproxen,"apranax, aprol, aprowell, naprosyn, napradol, kapnax, apraljin, aleve, synax, oprax gibi ilaçlardaki etkin madde. bu tür ilaçları ağızda çiğnemek veya bekletmek yerine bol suyla içiniz, kaş yapayım derken göz çıkarmayınız.",eksisozluk,0,yok
naproxen,içindeki sodyumdan mutevellit  hipertansiyon 'u olan hastalarda dikkatli kullanılması gereken ilaç.,eksisozluk,1,norolojik
apranax,"aspirin ve turevi ilaclara reaksiyon gosterenlerde,aktif mide bölgem ve duodenum ulseri bulunan kisilerde,hamilelerde kullanilmamalidir.bobrek ve karaciger fonksiyon bozuklugu olan ayrica kalp rahatsizligi bulunan kisilerde de dikkatle kullanilmalidir.ayrica (bkz:  aprol ) (bkz:  aprowell )",google_form,1,sindirim
apranax,"midemi ph'ını şaşılacak ölçüde düşüren, mide yakan hede....",google_form,1,sindirim
majezik,"endikasyonlar : çeşitli nedenlere bağlı baş ve diş ağrıları, nevraljiler, adet sancıları, romatoid artrit, osteoartrit, ankilozan spondilit, akut gut artriti, eklem romatizmaları, artrozlar, lumbago ve şiddetli radikülaljilerin akut ve uzun süreli semptomatik tedavileri, çeşitli cerrahi operasyonlar, yumuşak doku travmalarına bağlı ağrı ve enflamatuar semptomların giderilmesi, k.b.b. ve stomatolojik rahatsızlıklardaki ağrı ve enflamasyonun giderilmesinde endikedir. kontrendikasyonlar : flurbiprofen'e karşı aşırı duyarlılığı olan kişilerde kontrendikedir. flurbiprofen, aspirin ve diğer nonsteroidal antienflamatuar ilaçların astım, ürtiker veya diğer allerjik reaksiyonlara yol açtığı bilinen kişilerde kontrendikedir. yan etkiler : flurbiprofen tedavisi ile seyrek olarak görülen yan etkiler hafif şiddette, doza bağlı ve geçicidir. dispepsi, bulantı hissi, kusma, abdominal ağrı, gaz şikayetleri, diyare, konstipasyon, ürtiker, baş dönmesi, sinirlilik, kulak çınlaması, bulanık görme, rinit, vücut ağırlığı değişimleri gibi yan etkiler görülebilir.  dozaj : tavsiye edilen günlük doz : bölünmüş dozlar halinde 150 mg - 200 mg'dır. semptomların şiddetine göre günlük doz toplam 300 mg'a çıkarılabilir. adet sancılarında, semptomların başlangıcında 100 mg, bunu takiben 4-6 saatte bir 50 mg - 100 mg'dır. maksimum günlük doz ise, 300 mg'dır.",google_form,1,sindirim
majezik,"genelde mide bölgem problemi(gastrit,ülser) yaşayan ademoğulları, her painkiller ı öyle kolay alamazlar.(misal;vermidon) bu tarz mide problemi olanların çekinmeden kullanabileceği süper bi ağrı kesicidir. 100 mg lık 20 tabletten oluşan kutucuklar halinde satılan şekli en yaygınıdır. fiyatı da sanırım 12-13 ytl civarlarındadır.",google_form,1,sindirim
parol,özellikle  baş ağrısı  için tavsiye edilir.  midem ülseri olanların da rahatlıkla kullandığı ağrı kesicilerdendir. (bkz:  gripin ),google_form,1,sindirim
prozac,libido yu düşürdüğü ve antidepresan olduğu için öğrencilere sınav zamanı verilir (doktorlar tarafından) başta iştahımı kapar ve bu sebepten dolayı kilo verilebilir... ancak uzun vadede etkiler tarsine döner.. libido eskiden daha fazla olur (bkz:  duz duvara tirmanmak ) ve iştah açılır..,google_form,1,sindirim
sertralin,"babannişkomun severek kullandığı uyku hali yapmadığını söylediği minik hapcık. 2 gün önce yüksek tansiyondan dolayı hastaneye kaldırdık o günden sonra içinde bir korku evham oluşmuş.yıllar önce verilen bu ilaca yeniden başladı.tabii bi hafta geçmeden etkisini gödtermiyor. tansiyon umrumda değil korkularım gitse keşke diye dua ediyor. evde yalnız kalamıyor aklına kötü şeyler geliyor. dün yalnız bırakmamak için tam yanına iniyordum ki kendisi beni aradı bana ayaktaş olur musun diye. bir de utangaç bir de masum ki sanırım utanma huyumu kendisinden almışım. kaç yıllık torunuyum hala çekinerek arar beni. biraz destek olmaya ve anlamaya çalıştım konuyu değiştirsem de sürekli hastalığı konuşmak istiyordu. korkunun içinde nasıl bir etki yaptığını öğrenmek istedim. içimden ılık ılık bir şeyler geçiyor, kollarım çıng çıng ediyor. bazen zıngır zıngır titriyor içim dedi. ilacın da etkisiyle ağızları kuruyor sürekli yalanıyordu tontişim. şimdi daha etkili ilaçları almak için almanya'daki doktorundan randevu aldı. ama önümüzdeki bi haftayı nasıl geçirecek, çok üzülüyorum nasıl hafifletebilir ki bu korkuyu. her şeyin bilincinde zamanında da bu hastalıklar başına gelmiş çok kez yaşamış o yüzden bilinçli ama yine de engel olamadığı bir korku bu.allah pskikolojik sorunları olan herkesin gönlünü ferah tutsun inşallah.",google_form,1,norolojik
sertralin,"etkinliğinin az olması gibi, yan etkileri de diğer antidepresanlardan daha azdır. bu yüzden yaşlılar da dahil olmak üzere, hastalara çok yaygın olarak reçete edilir. suisid için uygun değildir. gramlarca alındığı halde, bulantı hissi ve ishal yapar. ama öldürmez. biraz da bu yönüyle yaygın olarak hastalara verilmektedir. yani suisid girişimi bakımından daha güvenlidir. ormanda derler ki: ""ancak ve ancak, kişiye sertralin dolu bir kamyon çarparsa kişi ölür""",google_form,1,sindirim
paxil,"diger anti depresanlar kadar uyku getiriyor vermedigi, daha cok gulucuk verdigi icin bir cok kimsenin tercih sebebi olan ismi gicik ilac.  prozac  tan uc kat daha iyi oldugu soylenir",google_form,1,norolojik
paxil,"tum yan etkilerine (bkz:  bas donmesi,halsizlik,uyku,midemi bulantisi ) ragmen ilk gunden itibaren isini iyi yaptigini gordugum ilac. (bkz:  mutluluktan ucacagim abidin )",google_form,1,sindirim
paxil,"mide bölgemmi mahveden ,sabahtan beri böğürmeme sebebiyet veren antidepresan",google_form,1,sindirim
paxil,"bırakıldığı takdirde ilk birkaç gün sarhoş gibi dolaşmanıza, kış ortasında askılılarla gezmenize sebep olabilir. ellerinizin titremesi ve bunu kontrol altına alamamanız da ayrı bir olaydır. alınmaya başlandığında da mide bölgem bulantısı, baş dönmesi gibi etkileri kendini göstermeye başlar. bunların dışında etrafa gülümseyen bir suratla bakmanızı sağlar.",google_form,1,sindirim
cipram,"etkisini aldıktan 15 gün sonra göstermeye başladığı söylenen, ilk zamanlarda hafif bir baş dönmesi, bulantı yapıyor hissi veren, iyi olsanız bile altı ya da sekiz ay kullanmanız gereken anti depresan.",google_form,1,sindirim
cipram,"pek çok antidepresan gibi ilk başta 2 hafta boyunca yarım olarak alınan ve en az 6 ay kullanılması gereken,ayakta uyutan ve bırakıldığı takdirde ağlama krizlerine sokan ilaç. aniden bırakıldığında  kesilmek bilmeyen baş dönmeleri olmasına sebep veren ve başlarken olduğu gibi kişinin kendini sersem gibi hissetmesine yol açan ilaç.rahatlatır,uyku haliyu düzene sokar,anormal yan etkileri yapmaz,24 saat gülücükler saçtırır...",google_form,1,norolojik
klaritromisin,uyku getiriyorsuzluk ve kişilik değişikliğine neden olan antibiyotiktir..,google_form,1,norolojik
klaritromisin,"kullanımı oldukça zor olan antibiyotik. ağızda bıraktığı metalik tattan dolayı iştah bırakmaz, midem bulantısı yapar, kısmen hayattan soğutur ama ölüyü de diriltiyor hani.",google_form,1,sindirim
nexium,"turkcede midemi yanmasi olarak tabir edilen mide asidinin girtlak borusuna kacmasi ve aci icinde yanmalara sebep olmasini gecici olarak tedavi eden ilactir.  prilosec  isimli ilacin cikisinin ve ustelik recetesiz satisinin ardindan sigorta sirketlerinin odemesinde en cok sorun cikarttigi ilaclarin da basinda gelir, 30 gunluk receteli nexium icin 159 dolar isteyen eczaciya aval aval bakmam sonucu anlattigina gore bu ilaci alabilmek icin receteden ziyade doktordan kesin olarak hastanin bu ilaca ihtiyaci var onayi gerekiyormus sigorta sirketinin odemeyi yapmasi icin..",google_form,1,sindirim
nexium,"prospektüsünde yazan yan etkilerin mutlaka dikkate alınması gereken ilaç. ahan da yazıyorum buraya: kan ve  lenfatik  sistem hastalıkları nadir:  lökopeni ,  trombositopeni çok nadir:  agranülositoz ,  pansitopeni . immün sistem  hastalıkları nadir:  hipersensitivite  reaksiyonları örn. ateş,  anjiyoödem , anafilaktik reaksiyon/şok metabolizma ve beslenme hastalıkları seyrek: periferal ödem nadir: hiponatremi psikiyatrik hastalıklar seyrek: uykusuzluk nadir: ajitasyon ,  konfüzyon , depresyon çok nadir: agresyon,  halüsinasyonlar sinir sistemi hastalıkları sık: başağrısı seyrek: baş dönmesi,  parestezi , uykuya eğilim nadir: tat alma bozukluğu göz hastalıkları nadir: bulanık görme kulak hastalıkları seyrek: vertigo solunum,  toraks  ve  mediasten  hastalıkları nadir: bronkospazm gastrointestinal hastalıklar sık:  abdominal ağrı,  konstipasyon ,  diyare , şişkinlik, kusma/bulantı hissi seyrek: ağız kuruluğu nadir:  stomatit , gastrointestinal  kandidiyazis hepatobiliyer  hastalıklar seyrek: karaciğer enzimlerinde yükselme nadir:  ikter li ya da iktersiz hepatit çok nadir: karaciğer yetmezliği, daha önce karaciğer hastalığı olanlarda ensefalopati deri ve  subkutan  doku hastalıkları seyrek: dermatit,  prurit , döküntü, ürtiker nadir: alopesi, fotosensitivite çok nadir:  eritema multiforme ,  stevens-johnson  sendromu, toksik epidermal  nekroliz  (ten) kas, iskelet sistemi, bağ dokusu ve kemik hastalıkları nadir: artralji ,  miyalji çok nadir: adale güçsüzlüğü böbrek ve üriner sistem hastalıkları çok nadir: interstisyal  nefrit üreme sistemi ve meme hastalıkları çok nadir: jinekomasti nadir: yorgunluk, aşırı terleme",google_form,1,sindirim
omeprazol,"aktif maddesinin bulunduğu ilaçlar demeprazol (deva) , omeprazid (nobel) , omeprol (sandoz) ve prosek (eczacıbaşı) dir. midemide çözünmemesi için enterik kaplanan mikropelletlerin kapsüllenmesi ile ilaç haline gelirler.",google_form,1,sindirim
omeprazol,mideminin paryetal hücrelerindeki proton pompasını (h-k atpaz) inh ederek midenin asit salgısını azaltarak etki gösteren ilaç.,google_form,1,sindirim
omeprazol,"doktorun bana 4 kutu birden verdigi, reflu tedavisinde kullanilan ilac.. tam 112 kapsul.. 4 ay bu ilacla yasayacagim.. midemime aniden kramp seklinde giren agrilari kessin de, gerekirse butun omur de iceriz napalim..",google_form,1,sindirim
omeprazol,"reflu tedavisinde kullanilamayacak olan aptal urunu ilac. mide bölgem asitini zayiflatarak yanmayi anlik olarak gecirir dogru. ancak mide asidi azaldikca reflu sikayetleriniz artacak cunku gastroezofagal kapakcik dusuk asidite oldugu zaman kapanmaz, boylece mide asidi daha fazla kacak yapar.  ayni zamanda ne kadar zayif mide asidi, o kadar dusuk protein yikimi, b12, d vitamini, demir ve magnezyum gibi mikroelementlerin dusuk/kotu sindirimi demektir. bu emikroelementlerin sindirilememesi ise cok ciddi problemler yaratir.",google_form,1,sindirim
omeprazol,"proton pompa inhibitörüdür gastroözefagial reflü hastalarında kullanılır proton pompa inhibitörleri (ppi), mide bölgem parietal hücrelerindeki h?/k? atpaz enzimini inhibe ederek mide asidinin salgılanmasını azaltır. bu sayede mide içeriğinin asiditesi düşer. gastroözefagial reflü hastalığında (gerd), mide asidinin yemek borusuna kaçması sonucu irritasyon ve yanma hissi oluşur. ppi’ler, asit düzeyini azaltarak özofagus mukozasını korur, semptomları hafifletir ve iyileşmeyi destekler. diğer asit baskılayıcılara göre daha güçlü ve uzun süreli etki gösterirler. bu nedenle reflü tedavisinde birinci basamak ilaçlar arasında yer alırlar.",google_form,1,sindirim
ritalin,bir tur uyarici ilac. farmakolojik etkisi amfetaminden cok kokaine benzer. sinir hucreleri arasinda dopamin birikmesi sonucu uyarici etkisini gosterir. dikkat eksikligi hiperaktivite bozuklugu olan cocuklarda ve narkolepsi(anormal anlık uyku hali istegi hastaligi) olanlarda kullaniliyor turkiyede kirmizi receteye tabi. methyphenidate( alfa2 fenil piperidin asetik asit) etken maddesi. konsantrasyonu bir yere toplamak icin kullaniliyor. bagimlilik yapma potansiyeli var. etkisi daha cok merkezi sinir sistemine yonelik.,google_form,1,norolojik
paracetamol,mide bölgemye çalisan bu tür ilaclari aç karna almak sorun olabilir... (bkz:  panaljin ) (bkz:  aljin ),google_form,1,sindirim
paracetamol,gripli gecelerde günlük sayfalarına sayıklamalarla yansıyan ilaç: parasetamol parasetamol günde bin miligram parasetamol yalnızca uyku hali getiriyor... kafeinle birlikte hazırlanmasının nedeni çok uyku getiren bir madde olması herhalde.,google_form,1,norolojik
ibuprofen,ağrı kesici ve ateş düşürücu olarak satılan  asprin imsi ilaç. bağırsakta çözüldüğü için mide bölgemyi zorlamıyormuş. (bkz:  nurofen ),google_form,1,sindirim
naproxen,"mide bölgem icin cok faydali olmayan bir bilesik. illa bu etken maddeye sahip bir ilac alinacaksa cok ciddi durumlar haricinde, 220 mg iceren  aleve  ya da normal  apranax  tercih edilmelidir..",google_form,1,sindirim
prozac,Bu ilacı kullandıktan sonra midem ağrıdı yaşadım.,google_form,1,sindirim
majezik,Bu ilacı kullandıktan sonra uyku yaptı yaşadım.,google_form,1,norolojik
parol,Bu ilacı kullandıktan sonra baş dönmesi yaşadım.,google_form,1,norolojik
nexium,Bu ilacı kullandıktan sonra şişkinlik hissettim yaşadım.,google_form,1,sindirim
apranax,Bu ilacı kullandıktan sonra mide bulantısı yaptı yaşadım.,google_form,1,sindirim
majezik,Bu ilacı kullandıktan sonra mide bulantısı yaşadım.,google_form,1,sindirim
nurofen,Bu ilacı kullandıktan sonra midem bulandı yaşadım.,google_form,1,sindirim
paxil,Bu ilacı kullandıktan sonra kilo aldırttı yaşadım.,google_form,1,diger
nexium,Bu ilacı kullandıktan sonra kabızlık yaşadım.,google_form,1,sindirim
aspirin,Bu ilacı kullandıktan sonra çarpıntı nabızda düzensizlik yaşadım.,google_form,1,kardiyovaskuler
prozac,Bu ilacı kullandıktan sonra deri döküntüsü yaptı yaşadım.,google_form,1,dermatolojik
prozac,Bu ilacı kullandıktan sonra çarpıntı yaptı yaşadım.,google_form,1,kardiyovaskuler
prozac,Bu ilacı kullandıktan sonra kaşıntı oldu yaşadım.,google_form,1,dermatolojik
prozac,Bu ilacı kullandıktan sonra baş ağrısı ve uykusuzluk yaşadım.,google_form,1,norolojik
augmentin,Bu ilacı kullandıktan sonra midem bulandı kalp çarpıntısı oldu yaşadım.,google_form,1,sindirim
cipram,Bu ilacı kullandıktan sonra bulantı yaptı yaşadım.,google_form,1,sindirim
cipram,Bu ilacı kullandıktan sonra uyku bozukluğu yaptı yaşadım.,google_form,1,norolojik
parol,Bu ilacı kullandıktan sonra uyku bozukluğu yaşadım.,google_form,1,norolojik
augmentin,Bu ilacı kullandıktan sonra kaşıntı yaptı yaşadım.,google_form,1,dermatolojik
augmentin,Bu ilacı kullandıktan sonra midede yanma yaptı yaşadım.,google_form,1,sindirim
augmentin,Bu ilacı kullandıktan sonra i̇shal yaşadım.,google_form,1,sindirim
augmentin,Bu ilacı kullandıktan sonra deri döküntüsü yaşadım.,google_form,1,dermatolojik
augmentin,Bu ilacı kullandıktan sonra mide bulantısı kusma yaptı yaşadım.,google_form,1,sindirim
augmentin,Bu ilacı kullandıktan sonra cildimde kızarıklık oldu yaşadım.,google_form,1,dermatolojik
prozac,"Bu ilacı kullandım, bu ilacı kullandım, bişey olmadı..",google_form,0,yok
nurofen,Bu ilacı kullandıktan sonra hazımsızlık yaşadım.,google_form,1,sindirim
nurofen,Bu ilacı kullandıktan sonra baş ağrısı yaşadım.,google_form,1,norolojik
aspirin,Bu ilacı kullandıktan sonra midede yanma ve ağrı yaptı yaşadım.,google_form,1,sindirim
parol,Bu ilacı kullandıktan sonra tansiyonum düştü yaşadım.,google_form,1,kardiyovaskuler
majezik,Bu ilacı kullandıktan sonra baş dönmesi yaptı yaşadım.,google_form,1,norolojik
aspirin,Bu ilacı kullandıktan sonra diş eti kanaması yaptı yaşadım.,google_form,1,dermatolojik
aspirin,Bu ilacı kullandıktan sonra ciltte döküntü yaşadım.,google_form,1,dermatolojik
aspirin,Bu ilacı kullandıktan sonra ciltte ödem yaşadım.,google_form,1,dermatolojik
majezik,Bu ilacı kullandıktan sonra mide bulantısı ağrısı yaşadım.,google_form,1,sindirim
nurofen,Bu ilacı kullandıktan sonra çarpıntı yaşadım.,google_form,1,kardiyovaskuler
augmentin,Bu ilacı kullandıktan sonra başım döndü yaşadım.,google_form,1,norolojik
apranax,Bu ilacı kullandıktan sonra mide ağrısı yaptı yaşadım.,google_form,1,sindirim
aspirin,Derimde soyulma ve kızarıklıklar meydana geldi,google_form,1,dermatolojik
nurofen,Bu ilacı kullandıktan sonra kalp çarpıntısı yaşadım.,google_form,1,kardiyovaskuler
paxil,Bu ilacı kullandıktan sonra mide bulantısı ve baş dönmesi yaşadım yaşadım.,google_form,1,sindirim
majezik,"Bu ilacı kullandım, bu ilacı kullandım, hafif bulantı..",google_form,0,yok
parol,Bu ilacı kullandıktan sonra ishal oldum yaşadım.,google_form,1,sindirim
nurofen,Bu ilacı kullandıktan sonra carpıntı yaşadım.,google_form,1,kardiyovaskuler
majezik,Bu ilacı kullandıktan sonra kabız oldum yaşadım.,google_form,1,sindirim
cipram,Bu ilacı kullandıktan sonra mide bulantısı kalp çarpıntısı yaşadım.,google_form,1,sindirim
parol,Başım ağrıyordu kullandıktan 25 dakika sonra bir ağrım kalmadı,google_form,0,yok
arveles,Bu ilacı kullandıktan sonra nabız artışı yaşadım yaşadım.,google_form,1,kardiyovaskuler
parol,"Bu ilacı kullandım, hiçbir etkisi olmadı.",google_form,0,yok
augmentin,"kullandıktan sonra midem çok bulantı yaptı, yemek yiyemez hale geldim ve sürekli karın ağrısı çektim",google_form,1,sindirim
nexium,"içmeye başladıktan birkaç gün sonra şiddetli ishal oldum, mide krampları had safhaya ulaştı",google_form,1,sindirim
prozac,"kullanırken ağzımda metalik bir tat oluştu, iştahım tamamen kesildi ve kusma isteği geçmedi",google_form,1,sindirim
paxil,"kullanmaya başladıktan sonra sürekli baş dönmesi yaşadım, gece uyuyamıyordum ve sabah kalkmak çok zorlaştı",google_form,1,norolojik
cipram,"içerken konsantre olmakta büyük güçlük çektim, hafızam zayıfladı ve sürekli sersemlik hissettim",google_form,1,norolojik
sertralin,İlacı içtikten sonra aşırı şekilde hareket etme isteği ve uykusuzluk geldi,google_form,1,norolojik
nurofen,"kullandığım dönemde aşırı halsizlik yaşadım, günde 12 saat uyumama rağmen dinçlik hissedemedim",google_form,1,norolojik
apranax,"kullandıktan sonra kollarımda kızarıklık ve kaşıntı başladı, zamanla döküntüye dönüştü",google_form,1,dermatolojik
aspirin,"kullanırken tüm vücudumda ürtiker çıktı, cildin bazı bölgeleri şişti ve yanma hissi oluştu",google_form,1,dermatolojik
majezik,"aldıktan sonra kalbim çarpıntı yapmaya başladı, tansiyonum yükseldi ve nefes almak güçleşti",google_form,1,kardiyovaskuler
apranax,"ağrımı çok hızlı geçirdi, hiçbir yan etki yaşamadım gayet memnun kaldım",google_form,0,yok
nexium,"mide yanmamı tamamen geçirdi, kullandığım süre boyunca herhangi bir şikayet olmadı",google_form,0,yok
nurofen,Bu ilacı kullandıktan sonra karnım guruldadı yaşadım.,google_form,1,sindirim
nurofen,"Bu ilacı kullandım, bu ilacı kullandım, bir şey olmadı..",google_form,0,yok
prozac,Bu ilacı kullandıktan sonra mide bulantısı uykusuzluk yaşadım.,google_form,1,norolojik
paxil,Bu ilacı kullandıktan sonra diş ağrısı ve döküntü yaptı yaşadım.,google_form,1,dermatolojik
parol,"Bu ilacı kullandım, bu ilacı kullandım, yan etki olmadı..",google_form,0,yok
sertralin,Bu ilacı kullandıktan sonra migrenimi tetikledi yaşadım.,google_form,1,norolojik
parol,"Bu ilacı kullandım, hiçbir yan etkisi olmadı gayet memnunum.",google_form,0,yok
parol,"Bu ilacı kullandım, ağrım geçti başka bir şey hissetmedim.",google_form,0,yok
parol,Migren için kullandım işe yaradı sorun yok,google_form,0,yok
parol,"Bu ilacı kullandım, düşük dozda kullandım sorunsuz geçti.",google_form,0,yok
parol,Baş ağrısına çok iyi geldi yan etki falan yok gayet memnunum tavsiye ederim,google_form,0,yok
nexium,"Bu ilacı kullandım, bu ilacı kullandım, sorun yaşamadım..",google_form,0,yok
nexium,Sabahları aç karnına içiyorum hiç sıkıntı çıkarmadı,google_form,0,yok
nexium,Gastrit için kullandım tamamen geçti yan etki duymadım,google_form,0,yok
nexium,Bir aylık kür yaptım mide yanmam geçti herhangi bir şikayet olmadı,google_form,0,yok
nexium,Doktor yazdı düzenli kullandım hiçbir yan etki olmadı çok memnunum,google_form,0,yok
majezik,"Bu ilacı kullandım, bu ilacı kullandım, yan etki görmedim..",google_form,0,yok
majezik,Regl ağrısı için kullandım çok etkili oldu başka bir şey hissetmedim,google_form,0,yok
majezik,Diş ağrısına bire bir geldi hiçbir sorun yaşamadım,google_form,0,yok
majezik,Kas ağrısı için aldım fayda gördüm yan etki görmedim,google_form,0,yok
majezik,Ağrı kesici etkisi çok iyi herhangi bir rahatsızlık duymadım tavsiye ederim,google_form,0,yok
augmentin,"Bu ilacı kullandım, herhangi bir şikayet olmadı.",google_form,0,yok
augmentin,Kür bitti enfeksiyon geçti çok da bir şey olmadı,google_form,0,yok
augmentin,Boğaz enfeksiyonu için kullandım kısa sürede geçti sıkıntı olmadı,google_form,0,yok
augmentin,Doktor yazdı tüm kürü içtim hiçbir yan etki yaşamadım,google_form,0,yok
augmentin,Sinüzit için kullandım tamamen iyileştim herhangi bir sorun hissetmedim,google_form,0,yok
apranax,"Bu ilacı kullandım, hiçbir yan etki hissetmedim.",google_form,0,yok
apranax,Diş çekimi sonrası kullandım ağrı geçti başka sorun olmadı,google_form,0,yok
apranax,Romatizma için kullanıyorum faydalı oluyor şikayet yok,google_form,0,yok
apranax,Spor sonrası kas ağrısı için aldım hızlıca geçti herhangi bir yan etki yok,google_form,0,yok
apranax,Ağrı kesici olarak kullandım çok etkili sorun yaşamadım,google_form,0,yok
prozac,"Bu ilacı kullandım, bu ilacı kullandım, yan etki yaşamadım..",google_form,0,yok
prozac,Altı aydır kullanıyorum hayatım normale döndü herhangi bir yan etki yok,google_form,0,yok
prozac,Psikiyatrist kontrolünde kullanıyorum kendimi daha iyi hissediyorum sorun yok,google_form,0,yok
prozac,Depresyon için başladım olumlu etkisi var şikayet duymuyorum,google_form,0,yok
prozac,Düzenli kullanıyorum faydasını görüyorum yan etki hissetmiyorum,google_form,0,yok
klaritromisin,"Bu ilacı kullandım, bu ilacı kullandım, sorun çıkmadı..",google_form,0,yok
klaritromisin,Zatürre tedavisinde kullandım tamamen iyileştim yan etki yaşamadım,google_form,0,yok
klaritromisin,Solunum yolu enfeksiyonu için kullandım geçti yan etki görmedim,google_form,0,yok
klaritromisin,Sinüzit için doktor yazdı kürü tamamladım hiçbir şikayet olmadı,google_form,0,yok
cipram,"Bu ilacı kullandım, herhangi bir yan etki olmadı.",google_form,0,yok
cipram,Depresyon için kullandım işe yaradı hiçbir yan etki olmadı,google_form,0,yok
cipram,Doktor önerisiyle başladım kendimi iyi hissediyorum sorunsuz gidiyor,google_form,0,yok
cipram,İki aydır kullanıyorum sosyal kaygım azaldı yan etki hissetmiyorum,google_form,0,yok
cipram,Psikiyatristim yazdı olumlu etkisi oldu herhangi bir şikayet duymuyorum,google_form,0,yok
ibuprofen,Ateşim vardı bir tane aldım hızlıca düştü başka bir şey olmadı,google_form,0,yok
ibuprofen,Eklem ağrısı için aldım işe yaradı herhangi bir sorun hissetmedim,google_form,0,yok
ibuprofen,Regl ağrısı için çok iyi geldi yan etki yok,google_form,0,yok
ibuprofen,Çocuğumun ateşi için verdim çabuk düzeldi hiçbir şikayet olmadı,google_form,0,yok
paxil,"Bu ilacı kullandım, bu ilacı kullandım, şikayet yok..",google_form,0,yok
paxil,Panik atak için başladım kontrollü kullanıyorum herhangi bir şikayet yok şu an,google_form,0,yok
paxil,Üç aydır kullanıyorum olumlu etkisi var yan etki hissetmiyorum,google_form,0,yok
paxil,Anksiyete için doktor yazdı düzenli kullanıyorum sorun yaşamıyorum,google_form,0,yok
sertralin,Doktor kontrolünde kullanıyorum sosyal kaygım azaldı yan etki hissetmiyorum,google_form,0,yok
sertralin,OKB için kullanıyorum fayda görüyorum herhangi bir şikayet yok,google_form,0,yok
sertralin,Bir yıldır kullanıyorum hayatıma olumlu etkisi oldu sorun yaşamıyorum,google_form,0,yok
naproxen,"Bu ilacı kullandım, herhangi bir sorun hissetmedim.",google_form,0,yok
naproxen,Bel ağrısına çok iyi geldi iki tablet aldım geçti yan etki duymadım,google_form,0,yok
naproxen,Eklem ağrısı için kullandım iyileşti herhangi bir sorun hissetmedim,google_form,0,yok
voltaren,Boynum tutulmuştu sürdüm bir günde düzeldi herhangi bir yan etki olmadı,google_form,0,yok
voltaren,Bel ağrısı için kullandım çok faydalı oldu şikayet yok,google_form,0,yok
voltaren,Spor yaralanması için sürdüm hızlıca geçti yan etki görmedim,google_form,0,yok
omeprazol,"Bu ilacı kullandım, herhangi bir şikayet yok.",google_form,0,yok
omeprazol,Reflü için kullanıyorum mide yanması tamamen geçti yan etki duymadım,google_form,0,yok
omeprazol,Ülser tedavisinde kullandım iyileştim sorun yaşamadım,google_form,0,yok
cipralex,"Bu ilacı kullandım, yan etki hissetmedim.",google_form,0,yok
cipralex,Bir yıldır kullanıyorum hayatıma olumlu etkisi oldu herhangi bir şikayet yok,google_form,0,yok
cipralex,Psikiyatrist kontrolünde kullanıyorum iyi hissediyorum sorun yok,google_form,0,yok
lustral,Düzenli kullanıyorum olumlu etkisi var yan etki yaşamıyorum,google_form,0,yok
lustral,Depresyon için başladım kendimi daha iyi hissediyorum herhangi bir şikayet yok,google_form,0,yok
lansoprazol,Mide için kullandım düzeldi herhangi bir yan etki olmadı,google_form,0,yok
amoksisilin,Boğaz enfeksiyonu için kullandım geçti sorun yaşamadım,google_form,0,yok
amoksisilin,Kürü tamamladım enfeksiyon geçti yan etki görmedim,google_form,0,yok
xanax,Sakinleştirici olarak kullandım işe yaradı yan etki görmedim,google_form,0,yok
xanax,Kaygı için doktor yazdı düşük dozda kullandım sorun çıkmadı,google_form,0,yok
diazepam,Kas gevşetici olarak kullandım faydalı oldu şikayet yok,google_form,0,yok
ritalin,Konsantrasyon için kullanıyorum işe yarıyor yan etki görmedim,google_form,0,yok
paracetamol,"Bu ilacı kullandım, hiçbir şey hissetmedim.",google_form,0,yok
paracetamol,Ateş için verdim hızlıca düzeldi yan etki hissetmedim,google_form,0,yok
paracetamol,Çocuğumun ateşi için kullandım hızlıca etki etti sorun olmadı,google_form,0,yok
arveles,Baş ağrısı için aldım çabuk geçti herhangi bir şikayet olmadı,google_form,0,yok
arveles,Ağrı kesici olarak kullandım etkili oldu yan etki görmedim,google_form,0,yok
parol,Ateş için kullandım geçti başka bir şey hissetmedim zaten basit bir ilaç,google_form,0,yok
nexium,Uzun süredir kullanıyorum mide problemim düzeldi sorunsuz gidiyor,google_form,0,yok
augmentin,Çocuğuma doktor yazdı enfeksiyonu geçti herhangi bir şikayet olmadı,google_form,0,yok
majezik,Sırt ağrısı için aldım işe yaradı herhangi bir yan etki duymadım,google_form,0,yok
apranax,Ameliyat sonrası kullandım ağrı kontrol altına alındı sorun yaşamadım,google_form,0,yok
klaritromisin,Pnömoni tedavisinde kullandım tamamen iyileştim şikayet olmadı,google_form,0,yok
prozac,Anksiyete bozukluğu için kullanıyorum iyi hissediyorum yan etki yok,google_form,0,yok
cipram,Panik bozukluğu için başladım olumlu etki görüyorum sorun çıkmadı,google_form,0,yok
ibuprofen,Diş ağrısı için aldım hızlı etki etti başka bir şey yaşamadım,google_form,0,yok
sertralin,Sosyal fobi için kullanıyorum fayda görüyorum yan etki hissetmiyorum,google_form,0,yok
paxil,OKB için kullanıyorum doktor kontrolünde gidiyor şikayet yok,google_form,0,yok
voltaren,Eklem ağrısı için kullandım harika etki etti herhangi bir yan etki görmedim,google_form,0,yok
naproxen,Boyun ağrısı için kullandım geçti yan etki duymadım,google_form,0,yok
omeprazol,Gastrit için kullandım iyileştim sorun yaşamadım,google_form,0,yok
cipralex,Depresyon tedavisinde faydalı oluyor yan etki hissetmiyorum,google_form,0,yok
lustral,Panik atak için kullanıyorum kontrol altında gidiyor şikayet yok,google_form,0,yok
parol,"Bu ilacı kullandım, bu ilacı kullandım, aldım geçti..",google_form,0,yok
parol,Bu ilacı kullandıktan sonra midem biraz bulandı ama geçti yaşadım.,google_form,1,sindirim
nexium,"Bu ilacı kullandım, sabah içiyorum hiç sorun yok.",google_form,0,yok
nexium,Bu ilacı kullandıktan sonra başım döndü ilk günlerde ama alıştım yaşadım.,google_form,1,norolojik
majezik,"Bu ilacı kullandım, fena değil ağrıyı kesti.",google_form,0,yok
majezik,Bu ilacı kullandıktan sonra mide bulantısı yaptı biraz yaşadım.,google_form,1,sindirim
augmentin,"Bu ilacı kullandım, kürü bitirdim geçti.",google_form,0,yok
augmentin,İshal oldum antibiyotik yüzünden herhalde,google_form,1,sindirim
apranax,"Bu ilacı kullandım, bu ilacı kullandım, gayet iyi çalıştı..",google_form,0,yok
apranax,Bu ilacı kullandıktan sonra midemi yaktı berbat ilaç yaşadım.,google_form,1,sindirim
prozac,"Bu ilacı kullandım, bir şey hissetmedim yan etki yok.",google_form,0,yok
prozac,Bu ilacı kullandıktan sonra i̇ştahım tamamen kesildi kilo verdim yaşadım.,google_form,1,sindirim
paxil,"Bu ilacı kullandım, panik atakları azaldı sorun yok.",google_form,0,yok
paxil,Başladıktan sonra baş dönmesi ve mide bulantısı yaşadım,google_form,1,sindirim
klaritromisin,"Bu ilacı kullandım, enfeksiyon geçti yan etki görmedim.",google_form,0,yok
klaritromisin,Ağzım zehir gibi tattı kullandığım süre boyunca iştahım da kesildi,google_form,1,sindirim
cipram,"Bu ilacı kullandım, i̇yi hissediyorum şikayet yok.",google_form,0,yok
cipram,Kullanmaya başlayınca uyku düzenim mahvoldu,google_form,1,norolojik
ibuprofen,"Bu ilacı kullandım, ateşi düşürdü tamam.",google_form,0,yok
ibuprofen,Mide ağrısı yaptı aç karnına almıştım hata oldu,google_form,1,sindirim
sertralin,"Bu ilacı kullandım, yan etki duymuyorum.",google_form,0,yok
sertralin,Bu ilacı kullandıktan sonra terleme arttı özellikle geceleri yaşadım.,google_form,1,diger
nexium,"Bu ilacı kullandım, uzun süreli kullandım sorun çıkmadı.",google_form,0,yok
nexium,Bu ilacı kullandıktan sonra baş ağrısı yaptı sürekli yaşadım.,google_form,1,norolojik
augmentin,"Bu ilacı kullandım, çabuk iyileştim teşekkürler.",google_form,0,yok
augmentin,Ciltte döküntü çıktı alerjik reaksiyon gibi bir şey oldu,google_form,1,dermatolojik
majezik,"Bu ilacı kullandım, ağrıya çok iyi geldi.",google_form,0,yok
majezik,Bu ilacı kullandıktan sonra karın ağrısı yaptı bir ara yaşadım.,google_form,1,sindirim
parol,"Bu ilacı kullandım, bu ilacı kullandım, sorunsuz kullandım..",google_form,0,yok
parol,Bu ilacı kullandıktan sonra hafif bulantı yaptı geçti sonra yaşadım.,google_form,1,sindirim
apranax,"Bu ilacı kullandım, diş ağrısı geçti tamam.",google_form,0,yok
apranax,Bu ilacı kullandıktan sonra tansiyon yükselmesi yaşadım kullanırken yaşadım.,google_form,1,kardiyovaskuler
prozac,"Bu ilacı kullandım, fayda gördüm yan etki yok.",google_form,0,yok
prozac,Cinsel isteksizlik oldu bırakmak istedim ama doktor devam dedi,google_form,1,diger
paxil,"Bu ilacı kullandım, bu ilacı kullandım, i̇yi gidiyor şu an..",google_form,0,yok
paxil,Bu ilacı kullandıktan sonra kilo aldım bu ilaçtan baya yaşadım.,google_form,1,diger
cipralex,"Bu ilacı kullandım, herhangi bir sorun yaşamadım.",google_form,0,yok
cipralex,Anksiyete azaldı ama cinsel isteksizlik çok belirgin oldu,google_form,1,diger
lustral,"Bu ilacı kullandım, kendimi daha iyi hissediyorum.",google_form,0,yok
lustral,Ejekülasyon gecikmesi yaşıyorum doktor bilgilendirdi ama rahatsız ediyor,google_form,1,diger
voltaren,"Bu ilacı kullandım, bu ilacı kullandım, bel ağrısı geçti..",google_form,0,yok
voltaren,Sürdüğüm yerde kızarıklık ve kaşıntı oldu,google_form,1,dermatolojik
naproxen,"Bu ilacı kullandım, eklem ağrısı iyileşti.",google_form,0,yok
naproxen,Bu ilacı kullandıktan sonra mide için iyi değil midemi yaktı yaşadım.,google_form,1,sindirim
omeprazol,"Bu ilacı kullandım, reflü geçti iyi ilaç.",google_form,0,yok
omeprazol,Bu ilacı kullandıktan sonra baş ağrısı yaptı sürekli kullanınca yaşadım.,google_form,1,norolojik
xanax,"Bu ilacı kullandım, sakinleştirdi sorun yok.",google_form,0,yok
xanax,Gündüzleri çok uyku bastırdı işimde sorun oldu,google_form,1,norolojik
ritalin,"Bu ilacı kullandım, konsantrasyon arttı fena değil.",google_form,0,yok
ritalin,Bu ilacı kullandıktan sonra kalp çarpıntısı yaptı dozunu düşürdük yaşadım.,google_form,1,kardiyovaskuler
paracetamol,"Bu ilacı kullandım, bu ilacı kullandım, ateş düştü tamam..",google_form,0,yok
paracetamol,Bu ilacı kullandıktan sonra fazla kullanınca midem rahatsız oldu yaşadım.,google_form,1,sindirim
amoksisilin,"Bu ilacı kullandım, enfeksiyon geçti sorun yok.",google_form,0,yok
amoksisilin,İshal ve mide bulantısı yaptı kür boyunca çektim,google_form,1,sindirim
cipram,"Bu ilacı kullandım, şikayet yok gayet iyi.",google_form,0,yok
cipram,Ağız kuruluğu çok belirgin sürekli su içiyorum,google_form,1,diger
klaritromisin,Uykusuzluk yaptı kür boyunca hiç düzgün uyuyamadım,google_form,1,norolojik
ibuprofen,Kalp çarpıntısı hissettim kullandıktan sonra,google_form,1,kardiyovaskuler
sertralin,"Bu ilacı kullandım, sorun yok devam ediyorum.",google_form,0,yok
sertralin,Başlangıçta çok baş dönmesi yaşadım alışınca geçti,google_form,1,norolojik
nexium,"Bu ilacı kullandım, bu ilacı kullandım, tamam sorunsuz..",google_form,0,yok
nexium,Magnezyum eksikliği oldu uzun süre kullanınca,google_form,1,diger
augmentin,"Bu ilacı kullandım, antibiyotiği atlattım.",google_form,0,yok
augmentin,Mantar enfeksiyonu oldu antibiyotik yüzünden,google_form,1,dermatolojik
majezik,"Bu ilacı kullandım, bu ilacı kullandım, ağrıyı kesti..",google_form,0,yok
majezik,Baş dönmesi yaptı ayağa kalkarken döndü dünya,google_form,1,norolojik
apranax,"Bu ilacı kullandım, bu ilacı kullandım, etkili ilaç..",google_form,0,yok
apranax,Böbrek bölgesinde ağrı hissettim uzun kullanım sonrası,google_form,1,diger
prozac,"Bu ilacı kullandım, devam ediyorum yan etki yok.",google_form,0,yok
prozac,Tremor yani el titremesi başladı doktora söyledim,google_form,1,norolojik
paxil,"Bu ilacı kullandım, bu ilacı kullandım, sorunsuz gidiyor..",google_form,0,yok
paxil,Terleme çok arttı geceleri çarşaflar ıslanıyor,google_form,1,diger
cipralex,"Bu ilacı kullandım, herhangi bir sorun yok.",google_form,0,yok
cipralex,Baş ağrısı ve sersemlik ilk haftalarda çok belirgindi,google_form,1,norolojik
lustral,"Bu ilacı kullandım, bu ilacı kullandım, olumlu etki var..",google_form,0,yok
lustral,Baş dönmesi ve bulantı başlangıçta çok kötüydü,google_form,1,sindirim
voltaren,"Bu ilacı kullandım, bu ilacı kullandım, faydalı oldu..",google_form,0,yok
voltaren,Bu ilacı kullandıktan sonra sürdükten sonra o bölge şişti biraz yaşadım.,google_form,1,dermatolojik
naproxen,"Bu ilacı kullandım, bu ilacı kullandım, i̇şe yaradı..",google_form,0,yok
naproxen,Tansiyon yükseldi kullandıktan sonra kontrol ettirdim,google_form,1,kardiyovaskuler
xanax,"Bu ilacı kullandım, bu ilacı kullandım, yardımcı oldu..",google_form,0,yok
xanax,Hafıza sorunları başladı bırakmak istiyorum,google_form,1,norolojik
paracetamol,"Bu ilacı kullandım, bu ilacı kullandım, basit sorunsuz..",google_form,0,yok
paracetamol,Bu ilacı kullandıktan sonra döküntü çıktı alerjim var galiba yaşadım.,google_form,1,dermatolojik
amoksisilin,"Bu ilacı kullandım, bu ilacı kullandım, geçti sorun yok..",google_form,0,yok
amoksisilin,Tüm vücutta kızarıklık oldu penisilin alerjisi varmış,google_form,1,dermatolojik
omeprazol,"Bu ilacı kullandım, bu ilacı kullandım, fayda gördüm..",google_form,0,yok
omeprazol,Uzun kullanımda kemik ağrısı başladı doktor bağlantılı olabilir dedi,google_form,1,diger
ritalin,"Bu ilacı kullandım, bu ilacı kullandım, i̇yi gidiyor..",google_form,0,yok
ritalin,Bu ilacı kullandıktan sonra i̇ştah tamamen kesildi kilo verdim çok yaşadım.,google_form,1,sindirim
augmentin,Bu ilacı kullandıktan sonra baş ağrısı mide bulantısı yaşadım.,google_form,1,sindirim
majezik,Bu ilacı kullandıktan sonra hafif midem bulandı yaşadım.,google_form,1,sindirim
nexium,Bu ilacı kullandıktan sonra titreme meydana geldi ellerimde yaşadım.,google_form,1,norolojik
cipram,Uykusuzluk ve halüsinasyon meydana geldi,google_form,1,norolojik
paxil,Bu ilacı kullandıktan sonra midem bulandı yaşadım.,google_form,1,sindirim
majezik,Bu ilacı kullandıktan sonra fazla içince baş ağrısı yapabiliyor yaşadım.,google_form,1,sindirim
augmentin,Bu ilacı kullandıktan sonra mide bulantısı yaptı yaşadım.,google_form,1,sindirim
prozac,Bu ilacı kullandıktan sonra çarpıntı yaptı yaşadım.,google_form,1,kardiyovaskuler
aspirin,Bu ilacı kullandıktan sonra mide ağrısı yaptı yaşadım.,google_form,1,sindirim
majezik,Bu ilacı kullandıktan sonra baş dönmesi yaptı yaşadım.,google_form,1,norolojik
parol,Bu ilacı kullandıktan sonra başım döndü yaşadım.,google_form,1,norolojik
majezik,Bu ilacı kullandıktan sonra bulantı yaptı başım döndü yaşadım.,google_form,1,sindirim
nurofen,"Bu ilacı kullandım, boğaz ağrımı geçirdi iyi geldi.",google_form,0,yok
nurofen,"Bu ilacı kullandım, hiçbir yan etki yaşamadım.",google_form,0,yok
majezik,"Bu ilacı kullandım, bir sorun yaşamadım.",google_form,0,yok
augmentin,"Bu ilacı kullandım, herhangi bir yan etki yaşamadım.",google_form,0,yok
parol,"Bu ilacı kullandım, başımın ağrısı azaldı.",google_form,0,yok
parol,"Bu ilacı kullandım, herhangi bir şey yaşamadım.",google_form,0,yok
parol,"Bu ilacı kullandım, olmadı.",google_form,0,yok
parol,"Bu ilacı kullandım, her hangi bir etki yapmadı.",google_form,0,yok
nexium,"Bu ilacı kullandım, hiçbir şey olmadı.",google_form,0,yok
